Type,UPC,Price Excl. Tax,Price Inc. Tax,Tax,Quantity
Poetry,a897fe39b1053632,£51.77,£51.77,£0.00,In stock (22 available)
Historical Fiction,90fa61229261140a,£53.74,£53.74,£0.00,In stock (20 available)
Fiction,6957f44c3847a760,£50.10,£50.10,£0.00,In stock (20 available)
Mystery,e00eb4fd7b871a48,£47.82,£47.82,£0.00,In stock (20 available)
History,4165285e1663650f,£54.23,£54.23,£0.00,In stock (20 available)
Young Adult,f77dbf2323deb740,£22.65,£22.65,£0.00,In stock (19 available)
Business,2597b5a345f45e1b,£33.34,£33.34,£0.00,In stock (19 available)
Default,e72a5dfc7e9267b2,£17.93,£17.93,£0.00,In stock (19 available)
Default,e10e1e165dc8be4a,£22.60,£22.60,£0.00,In stock (19 available)
Poetry,1dfe412b8ac00530,£52.15,£52.15,£0.00,In stock (19 available)
Default,0312262ecafa5a40,£13.99,£13.99,£0.00,In stock (19 available)
Poetry,30a7f60cd76ca58c,£20.66,£20.66,£0.00,In stock (19 available)
Young Adult,ce6396b0f23f6ecc,£17.46,£17.46,£0.00,In stock (19 available)
Sequential Art,3b1c02bac2a429e6,£52.29,£52.29,£0.00,In stock (19 available)
Music,a34ba96d4081e6a4,£35.02,£35.02,£0.00,In stock (19 available)
Music,deda3e61b9514b83,£57.25,£57.25,£0.00,In stock (19 available)
Poetry,feb7cc7701ecf901,£23.88,£23.88,£0.00,In stock (19 available)
Science Fiction,e30f54cea9b38190,£37.59,£37.59,£0.00,In stock (19 available)
Politics,a18a4f574854aced,£51.33,£51.33,£0.00,In stock (19 available)
Travel,a22124811bfa8350,£45.17,£45.17,£0.00,In stock (19 available)
Thriller,23356462d1320d61,£12.84,£12.84,£0.00,In stock (19 available)
Music,327f68a59745c102,£37.32,£37.32,£0.00,In stock (19 available)
Food and Drink,5674a18a29a43ced,£30.52,£30.52,£0.00,In stock (19 available)
Romance,c2e46a2ee3b4a322,£25.27,£25.27,£0.00,In stock (19 available)
Romance,00bfed9e18bb36f3,£34.53,£34.53,£0.00,In stock (19 available)
Childrens,9528d0948525bf5f,£54.64,£54.64,£0.00,In stock (19 available)
Default,c7d160c2c0de586f,£22.50,£22.50,£0.00,In stock (19 available)
Default,904208d6aa64b655,£53.13,£53.13,£0.00,In stock (19 available)
Nonfiction,4c28def39d850cdf,£40.30,£40.30,£0.00,In stock (18 available)
Art,ccd9ffa25efabdea,£44.18,£44.18,£0.00,In stock (18 available)
Spirituality,6258a1f6a6dcfe50,£17.66,£17.66,£0.00,In stock (18 available)
Nonfiction,3c039985229453bf,£31.05,£31.05,£0.00,In stock (18 available)
Thriller,5dada2b7be26bd03,£23.82,£23.82,£0.00,In stock (18 available)
Childrens,9f6568e9c95f60b0,£36.89,£36.89,£0.00,In stock (18 available)
Philosophy,6be3beb0793a53e7,£15.94,£15.94,£0.00,In stock (18 available)
Default,668fe56b17cfcd4f,£33.29,£33.29,£0.00,In stock (18 available)
Default,094b269567e1c300,£18.02,£18.02,£0.00,In stock (18 available)
Mystery,19ed25f4641d5efd,£19.63,£19.63,£0.00,In stock (18 available)
Thriller,be5cc846f45496fb,£52.22,£52.22,£0.00,In stock (18 available)
Poetry,55f9da0c5eea2e10,£33.63,£33.63,£0.00,In stock (17 available)
Poetry,b4fd5943413e089a,£57.31,£57.31,£0.00,In stock (17 available)
Nonfiction,c8f7f0cb1abb9cac,£26.41,£26.41,£0.00,In stock (17 available)
Fiction,b12b89017878a60d,£47.61,£47.61,£0.00,In stock (17 available)
Nonfiction,c27f6e1f185b0383,£23.11,£23.11,£0.00,In stock (17 available)
New Adult,acddfeab2a407640,£45.07,£45.07,£0.00,In stock (16 available)
Contemporary,3ecb690d1542c568,£31.77,£31.77,£0.00,In stock (16 available)
Fiction,8d455c7539795d2a,£50.27,£50.27,£0.00,In stock (16 available)
Poetry,657fe5ead67a7767,£14.27,£14.27,£0.00,In stock (16 available)
Nonfiction,d170b5a0da46380e,£44.18,£44.18,£0.00,In stock (16 available)
Fantasy,7ae099f3898e0209,£18.78,£18.78,£0.00,In stock (16 available)
History,9a9d6e9bc555731e,£25.52,£25.52,£0.00,In stock (16 available)
Sequential Art,09555be379ad9253,£16.28,£16.28,£0.00,In stock (16 available)
Nonfiction,7858914fad68493c,£31.12,£31.12,£0.00,In stock (16 available)
Sequential Art,51653ef291ab7ddc,£19.49,£19.49,£0.00,In stock (16 available)
Fiction,709822d0b5bcb7f4,£17.27,£17.27,£0.00,In stock (16 available)
Add a comment,4eed62cf5f8d8edf,£19.09,£19.09,£0.00,In stock (16 available)
Childrens,b5ea0b5dabed25a8,£56.13,£56.13,£0.00,In stock (16 available)
Food and Drink,142d767a56a9254d,£56.41,£56.41,£0.00,In stock (16 available)
Mystery,5ee94540d0749ea0,£56.50,£56.50,£0.00,In stock (16 available)
Young Adult,cedf82b5086e4691,£45.22,£45.22,£0.00,In stock (16 available)
Sequential Art,7d385d34d12e60ff,£38.16,£38.16,£0.00,In stock (16 available)
Fiction,d01ac97e2b8947c2,£54.11,£54.11,£0.00,In stock (16 available)
Science,aadee1c326d286e3,£42.96,£42.96,£0.00,In stock (16 available)
Add a comment,31075275518532d7,£23.89,£23.89,£0.00,In stock (16 available)
Nonfiction,0da9aa9d24677fc0,£16.77,£16.77,£0.00,In stock (16 available)
Default,8c9e6bf2467d740d,£20.59,£20.59,£0.00,In stock (16 available)
Nonfiction,acd86a5426e21ca0,£37.13,£37.13,£0.00,In stock (16 available)
Nonfiction,a30b270e25489e5c,£56.06,£56.06,£0.00,In stock (16 available)
Philosophy,bd261725b99f5983,£58.11,£58.11,£0.00,In stock (16 available)
Health,43c6a960757cf559,£49.05,£49.05,£0.00,In stock (16 available)
Add a comment,80cfab6bcff3a244,£40.76,£40.76,£0.00,In stock (16 available)
History,a3d2a4250807f1e9,£19.73,£19.73,£0.00,In stock (16 available)
Spirituality,7d6d2a6c0276f81b,£32.24,£32.24,£0.00,In stock (16 available)
Nonfiction,87b0615b6e1f4d7b,£41.83,£41.83,£0.00,In stock (16 available)
Default,e6af5bf1163c1151,£39.58,£39.58,£0.00,In stock (16 available)
Horror,6f78a0d744c35456,£39.25,£39.25,£0.00,In stock (16 available)
Fantasy,c849f0b2f5d6a742,£25.02,£25.02,£0.00,In stock (16 available)
Sequential Art,53a3d11bb568cc8b,£51.04,£51.04,£0.00,In stock (16 available)
Nonfiction,d7310206583a54b6,£19.83,£19.83,£0.00,In stock (16 available)
Sequential Art,c82a3e358c773c73,£50.40,£50.40,£0.00,In stock (16 available)
Sequential Art,0fa6dceead7ce47a,£13.61,£13.61,£0.00,In stock (16 available)
Fantasy,0e691eda369f4e09,£13.34,£13.34,£0.00,In stock (16 available)
Sequential Art,e80f8e518b300dfe,£18.97,£18.97,£0.00,In stock (16 available)
History,7392c0032f92d816,£36.28,£36.28,£0.00,In stock (16 available)
Sequential Art,9429b4d59c537af5,£10.16,£10.16,£0.00,In stock (16 available)
Sequential Art,889139b8e9c4cb36,£15.44,£15.44,£0.00,In stock (16 available)
Sequential Art,11809b1d323b3057,£48.41,£48.41,£0.00,In stock (16 available)
Self Help,9ffa38d3b832433a,£46.35,£46.35,£0.00,In stock (16 available)
Add a comment,b757c0c361e689ce,£14.07,£14.07,£0.00,In stock (16 available)
Young Adult,3c346ab1e76ae1f6,£14.86,£14.86,£0.00,In stock (16 available)
Food and Drink,784bc2279baa878d,£33.37,£33.37,£0.00,In stock (16 available)
Fantasy,fa9610a50a1bf149,£56.40,£56.40,£0.00,In stock (16 available)
Food and Drink,72f9d5be3472d34e,£14.02,£14.02,£0.00,In stock (16 available)
Sequential Art,460089f796fb3f82,£46.91,£46.91,£0.00,In stock (16 available)
Sequential Art,b6ee99bcf06fc91f,£45.61,£45.61,£0.00,In stock (16 available)
Sequential Art,57e5a4d515c8ce44,£19.92,£19.92,£0.00,In stock (16 available)
Food and Drink,7b75cc7f223791f4,£40.11,£40.11,£0.00,In stock (16 available)
Add a comment,228f74b74f3a08ae,£53.90,£53.90,£0.00,In stock (16 available)
Science Fiction,18ad3ed896c7ce05,£35.67,£35.67,£0.00,In stock (16 available)
Nonfiction,b136b1b180ca753a,£22.00,£22.00,£0.00,In stock (16 available)
Science,e4f74c16de34d440,£57.36,£57.36,£0.00,In stock (16 available)
Sequential Art,8d4eefad7a2b3915,£29.17,£29.17,£0.00,In stock (16 available)
Sequential Art,1c89ae5bb804e4de,£54.63,£54.63,£0.00,In stock (16 available)
Self Help,a6f99b9e687f9d46,£46.03,£46.03,£0.00,In stock (16 available)
Romance,2a97cffe61c3c4c7,£33.97,£33.97,£0.00,In stock (16 available)
Sequential Art,f2df3bb043a8abb0,£22.11,£22.11,£0.00,In stock (16 available)
Historical Fiction,9beb96a2300109d7,£29.69,£29.69,£0.00,In stock (16 available)
Romance,9e28048cea8d41f7,£15.97,£15.97,£0.00,In stock (16 available)
Romance,7add3f8e49ec0826,£21.96,£21.96,£0.00,In stock (16 available)
Nonfiction,311c0dd0e354a33e,£54.35,£54.35,£0.00,In stock (16 available)
Religion,fce19f9b4a943f22,£37.97,£37.97,£0.00,In stock (16 available)
Sequential Art,09b6cc87e62c2c58,£51.99,£51.99,£0.00,In stock (16 available)
Fantasy,7267864328ae8b9d,£43.29,£43.29,£0.00,In stock (16 available)
Sequential Art,8754c83ab2a7ae71,£36.72,£36.72,£0.00,In stock (16 available)
Sequential Art,7b599c8bfcdd8d30,£17.08,£17.08,£0.00,In stock (16 available)
Nonfiction,bee3672891cca906,£29.14,£29.14,£0.00,In stock (16 available)
Young Adult,5ceb951f629700a2,£28.81,£28.81,£0.00,In stock (16 available)
Default,74baabfc8fd84b38,£49.46,£49.46,£0.00,In stock (16 available)
Sequential Art,bdf415fd484ea8a7,£37.92,£37.92,£0.00,In stock (16 available)
Fantasy,6d5300b2d8f37e07,£28.09,£28.09,£0.00,In stock (16 available)
Nonfiction,38d45839cb1c83c1,£30.81,£30.81,£0.00,In stock (16 available)
Default,70ed59f194b3c556,£42.95,£42.95,£0.00,In stock (16 available)
Default,8a380641491d43ed,£56.76,£56.76,£0.00,In stock (16 available)
Mystery,f733e8c19d40ec2e,£16.64,£16.64,£0.00,In stock (16 available)
Historical Fiction,3a6fb983e2554023,£55.53,£55.53,£0.00,In stock (16 available)
Young Adult,842790dfaa937484,£28.13,£28.13,£0.00,In stock (16 available)
Fantasy,01d2001ac1e6f8a3,£52.37,£52.37,£0.00,In stock (16 available)
Christian,e4ac92d89b946781,£54.00,£54.00,£0.00,In stock (16 available)
Religion,796c87ddbbaaf8c5,£21.87,£21.87,£0.00,In stock (15 available)
Science Fiction,9270575728a13a61,£43.30,£43.30,£0.00,In stock (15 available)
Fiction,b8736690cf263a3c,£21.04,£21.04,£0.00,In stock (15 available)
Default,d7d6d50c1e3d0b81,£41.60,£41.60,£0.00,In stock (15 available)
Fantasy,590a9cccf7db9f7d,£35.07,£35.07,£0.00,In stock (15 available)
History,de3f25248ba0789f,£59.64,£59.64,£0.00,In stock (15 available)
Default,bc2a85fd35fdc7bd,£52.72,£52.72,£0.00,In stock (15 available)
Childrens,37c0cb19713d8dda,£58.08,£58.08,£0.00,In stock (15 available)
Romance,623e1a180426039b,£24.12,£24.12,£0.00,In stock (15 available)
Fiction,fd3a622648667296,£42.15,£42.15,£0.00,In stock (15 available)
Business,3bebf34ee9330cbd,£12.61,£12.61,£0.00,In stock (15 available)
Philosophy,f5a92cff83897d48,£17.44,£17.44,£0.00,In stock (15 available)
Sequential Art,d6361d16212664ed,£33.14,£33.14,£0.00,In stock (15 available)
Default,961f18db4f138211,£27.37,£27.37,£0.00,In stock (15 available)
Fiction,0651062381f0636a,£51.36,£51.36,£0.00,In stock (15 available)
Default,e98a4efa85070c2f,£36.00,£36.00,£0.00,In stock (15 available)
Science Fiction,790ef197c8f236f5,£10.65,£10.65,£0.00,In stock (15 available)
Nonfiction,8ec14b1576cb7cb5,£43.54,£43.54,£0.00,In stock (15 available)
Nonfiction,209adad1015af86f,£38.21,£38.21,£0.00,In stock (15 available)
Food and Drink,e4c7f3487d17fd42,£37.34,£37.34,£0.00,In stock (15 available)
Mystery,c7b5183f4d1d4efe,£44.10,£44.10,£0.00,In stock (15 available)
New Adult,99ff4cc6491e8f5c,£43.29,£43.29,£0.00,In stock (15 available)
New Adult,08db62f24627e71f,£55.85,£55.85,£0.00,In stock (15 available)
Food and Drink,e28e330cbdf01126,£37.60,£37.60,£0.00,In stock (15 available)
Crime,abeafe151a587d3b,£10.97,£10.97,£0.00,In stock (15 available)
Default,eac1a180047ad54e,£41.82,£41.82,£0.00,In stock (15 available)
Historical Fiction,9287e238d7c3b06e,£36.95,£36.95,£0.00,In stock (15 available)
Fantasy,2dbb7ec08cdd7f3c,£44.28,£44.28,£0.00,In stock (15 available)
Default,e956d67c9bcc5809,£55.02,£55.02,£0.00,In stock (15 available)
Nonfiction,42d0d7c92b75fc1c,£17.24,£17.24,£0.00,In stock (15 available)
Default,d6670dfe3e7b42bd,£23.15,£23.15,£0.00,In stock (15 available)
Food and Drink,96a38e7c813d8f1d,£41.25,£41.25,£0.00,In stock (15 available)
Default,efc3768127714ec3,£32.00,£32.00,£0.00,In stock (15 available)
Nonfiction,dd047728de72ad62,£38.49,£38.49,£0.00,In stock (15 available)
Default,e7469e22b5bfb3e7,£33.34,£33.34,£0.00,In stock (15 available)
Autobiography,c99761a700ade23f,£10.93,£10.93,£0.00,In stock (15 available)
Business,56e4f9eab2e8e674,£27.55,£27.55,£0.00,In stock (15 available)
Romance,203b7f94b7d6115f,£55.99,£55.99,£0.00,In stock (15 available)
Romance,ca71e72655bece85,£16.24,£16.24,£0.00,In stock (15 available)
Science Fiction,2a70769cdc6eb8b8,£26.12,£26.12,£0.00,In stock (15 available)
Nonfiction,1b33663ad7b95fd8,£12.23,£12.23,£0.00,In stock (15 available)
Business,0e0dcc3339602b28,£23.99,£23.99,£0.00,In stock (15 available)
Add a comment,0c27e6c3744fc14b,£29.06,£29.06,£0.00,In stock (15 available)
Default,ad04ad9fc179fc5d,£20.27,£20.27,£0.00,In stock (15 available)
Young Adult,1c929cfd16b71907,£43.55,£43.55,£0.00,In stock (15 available)
Default,e656e280bc8edd56,£36.94,£36.94,£0.00,In stock (15 available)
Christian Fiction,b53db2271c9624f7,£20.47,£20.47,£0.00,In stock (15 available)
Default,d9c643fa1fc57bdb,£41.06,£41.06,£0.00,In stock (15 available)
Poetry,31001a1210623bd4,£14.19,£14.19,£0.00,In stock (15 available)
Young Adult,50b8f80311b31ede,£38.28,£38.28,£0.00,In stock (15 available)
Poetry,cfeb1e1e0e695b58,£41.05,£41.05,£0.00,In stock (15 available)
Historical Fiction,a40723994f715420,£30.25,£30.25,£0.00,In stock (15 available)
Add a comment,caf4fe9311f1dc59,£28.26,£28.26,£0.00,In stock (15 available)
Default,af96613fdd793a3c,£10.76,£10.76,£0.00,In stock (15 available)
Biography,d69dd8dac66f9f84,£16.85,£16.85,£0.00,In stock (15 available)
Childrens,4aa03792b50f0b22,£13.47,£13.47,£0.00,In stock (15 available)
Young Adult,ba54932df84e8cea,£48.56,£48.56,£0.00,In stock (15 available)
Default,c1afd71fc86bf682,£19.15,£19.15,£0.00,In stock (15 available)
Womens Fiction,fd8585283fc7d2d7,£57.36,£57.36,£0.00,In stock (15 available)
Fantasy,4ce91d31c1e57c33,£42.98,£42.98,£0.00,In stock (15 available)
Default,d163dd6c352fbcd2,£22.16,£22.16,£0.00,In stock (15 available)
Travel,ce60436f52c5ee68,£49.43,£49.43,£0.00,In stock (15 available)
Young Adult,116a2fdc9a45bab0,£29.99,£29.99,£0.00,In stock (15 available)
Horror,8585760646e3aa2a,£21.36,£21.36,£0.00,In stock (15 available)
Default,2f88b08bf0a0e367,£29.00,£29.00,£0.00,In stock (15 available)
Fiction,edb3097e71330040,£53.53,£53.53,£0.00,In stock (15 available)
Sequential Art,65d034adf80834b7,£41.62,£41.62,£0.00,In stock (15 available)
Default,29c0025455f8c585,£54.59,£54.59,£0.00,In stock (15 available)
Default,6ffb36aaeff1c81e,£34.95,£34.95,£0.00,In stock (15 available)
Default,f6d967cdadc6fbd9,£37.72,£37.72,£0.00,In stock (15 available)
Romance,3a11bb962ff45b78,£35.61,£35.61,£0.00,In stock (15 available)
Food and Drink,46c1530d7546ea6d,£42.16,£42.16,£0.00,In stock (15 available)
Erotica,88c21fcd38e2486e,£19.19,£19.19,£0.00,In stock (15 available)
Nonfiction,3b9a3b4624b7fd6d,£19.43,£19.43,£0.00,In stock (15 available)
Christian Fiction,a57b1dcbd6849222,£49.46,£49.46,£0.00,In stock (15 available)
Spirituality,513271dadc1322ae,£37.80,£37.80,£0.00,In stock (15 available)
Nonfiction,1f329c2e7d7de8bd,£30.80,£30.80,£0.00,In stock (15 available)
Nonfiction,919e7cb2269a25d2,£27.43,£27.43,£0.00,In stock (15 available)
Default,3f69e667a67e54d9,£11.11,£11.11,£0.00,In stock (15 available)
Sequential Art,7edc0527cf782e19,£36.50,£36.50,£0.00,In stock (15 available)
Sequential Art,47271d8e08b5d31c,£15.38,£15.38,£0.00,In stock (15 available)
Default,05f7c6d9a4e582d3,£15.48,£15.48,£0.00,In stock (15 available)
Default,d24b829be2ca81c4,£46.82,£46.82,£0.00,In stock (15 available)
Default,7ebfa6c1bee69e1e,£18.46,£18.46,£0.00,In stock (15 available)
Cultural,bb8245f52c7cce8f,£36.58,£36.58,£0.00,In stock (15 available)
Default,ffd54178acc9a6a5,£50.54,£50.54,£0.00,In stock (15 available)
Nonfiction,d195e7f4ed697350,£12.51,£12.51,£0.00,In stock (15 available)
History,dd5bfa6cc2c0ecc3,£24.70,£24.70,£0.00,In stock (14 available)
Thriller,024387ca4cafd5cc,£43.61,£43.61,£0.00,In stock (14 available)
Sequential Art,047097293bb4d1c0,£37.34,£37.34,£0.00,In stock (14 available)
Young Adult,3fb15ace50d6142b,£14.36,£14.36,£0.00,In stock (14 available)
Politics,2b5054a4192e9b06,£52.65,£52.65,£0.00,In stock (14 available)
Nonfiction,44a10f1ac8ce822e,£38.20,£38.20,£0.00,In stock (14 available)
Nonfiction,6fd646a334e6e133,£19.60,£19.60,£0.00,In stock (14 available)
Sequential Art,92275cedf6d8ee15,£53.90,£53.90,£0.00,In stock (14 available)
Childrens,6a31307a81e8f3a8,£12.96,£12.96,£0.00,In stock (14 available)
Default,4a1debca3135ff37,£37.10,£37.10,£0.00,In stock (14 available)
Young Adult,aba2db9afb1469c7,£46.31,£46.31,£0.00,In stock (14 available)
Default,76c84daa539426e2,£45.95,£45.95,£0.00,In stock (14 available)
Childrens,1d6443ffba9dfd80,£22.08,£22.08,£0.00,In stock (14 available)
Sequential Art,6e44bcbeac7f4360,£25.38,£25.38,£0.00,In stock (14 available)
Young Adult,f0f38174a7e689a3,£27.12,£27.12,£0.00,In stock (14 available)
Nonfiction,34c0d7c4ee5650af,£43.04,£43.04,£0.00,In stock (14 available)
Default,08b2f71d93836313,£56.80,£56.80,£0.00,In stock (14 available)
Add a comment,6875c5657661b2fb,£25.91,£25.91,£0.00,In stock (14 available)
Romance,c5cb9f885d8b3621,£32.61,£32.61,£0.00,In stock (14 available)
Fiction,e9906e2f0d189745,£27.88,£27.88,£0.00,In stock (14 available)
Fiction,081305e6df719dff,£52.67,£52.67,£0.00,In stock (14 available)
Fantasy,1528279aec1f3dce,£46.02,£46.02,£0.00,In stock (14 available)
Default,00c4543ec6bd25b4,£44.48,£44.48,£0.00,In stock (14 available)
Add a comment,e88fb1c9397cfb27,£37.40,£37.40,£0.00,In stock (14 available)
Default,012094e90a4b908d,£54.04,£54.04,£0.00,In stock (14 available)
Default,6bdd909329435e80,£16.88,£16.88,£0.00,In stock (14 available)
Historical Fiction,52cf2a5933ec5d8f,£28.08,£28.08,£0.00,In stock (14 available)
Psychology,4e812d32d64e2431,£10.40,£10.40,£0.00,In stock (14 available)
Humor,f21effc079a2b38a,£44.07,£44.07,£0.00,In stock (14 available)
Horror,2d88a31f325dfd3b,£23.40,£23.40,£0.00,In stock (14 available)
Nonfiction,4881cc53f6c8892f,£17.43,£17.43,£0.00,In stock (14 available)
Mystery,3bc89353f7e3a3cc,£54.21,£54.21,£0.00,In stock (14 available)
Add a comment,f72f61ad6a5f12ed,£40.67,£40.67,£0.00,In stock (14 available)
Fantasy,992974ba6a0536ea,£52.26,£52.26,£0.00,In stock (14 available)
Food and Drink,ddc8340dabc8641b,£28.77,£28.77,£0.00,In stock (14 available)
Thriller,847935fc68707426,£13.82,£13.82,£0.00,In stock (14 available)
Fiction,a86972014275e072,£25.85,£25.85,£0.00,In stock (14 available)
Add a comment,3d76bc83c6b644c9,£48.78,£48.78,£0.00,In stock (14 available)
Young Adult,6edacfd1f8ebb9eb,£35.35,£35.35,£0.00,In stock (14 available)
Fantasy,dc6f688b82e42a5b,£44.73,£44.73,£0.00,In stock (14 available)
Nonfiction,923831a05c9f91f7,£15.77,£15.77,£0.00,In stock (14 available)
Thriller,1b8187fa4bf6ab05,£39.24,£39.24,£0.00,In stock (14 available)
Mystery,0c7b9cf2b7662b65,£13.92,£13.92,£0.00,In stock (14 available)
Mystery,2d1e337aaf341858,£10.69,£10.69,£0.00,In stock (14 available)
Fiction,2c04320e110a14a3,£45.21,£45.21,£0.00,In stock (14 available)
Nonfiction,4c8b7540409da4ac,£45.58,£45.58,£0.00,In stock (14 available)
Sequential Art,ac8e3949d284e9a9,£11.89,£11.89,£0.00,In stock (14 available)
Fiction,fe44cc816576c652,£26.41,£26.41,£0.00,In stock (14 available)
Default,95019eac1c0a052f,£39.50,£39.50,£0.00,In stock (14 available)
Science,3edcccc4f341fb1a,£44.74,£44.74,£0.00,In stock (14 available)
Contemporary,a278db6b2b09cf9f,£52.79,£52.79,£0.00,In stock (14 available)
Sequential Art,394f6d30cafc3edb,£35.43,£35.43,£0.00,In stock (14 available)
Fiction,830fb3967c74866d,£55.84,£55.84,£0.00,In stock (14 available)
Travel,f9705c362f070608,£48.87,£48.87,£0.00,In stock (14 available)
Poetry,86cbddb61ea78bb7,£46.78,£46.78,£0.00,In stock (14 available)
Sequential Art,85b2176b3b194030,£47.82,£47.82,£0.00,In stock (14 available)
Sequential Art,31e2e2d9cca3778f,£25.48,£25.48,£0.00,In stock (14 available)
Childrens,a6454e329f872b78,£23.57,£23.57,£0.00,In stock (14 available)
Poetry,aa35446aab16017f,£50.89,£50.89,£0.00,In stock (14 available)
Horror,af58a74e4b2a23a0,£10.56,£10.56,£0.00,In stock (14 available)
Self Help,8ecf0356a3878811,£52.15,£52.15,£0.00,In stock (14 available)
Childrens,e34efcc824685332,£18.28,£18.28,£0.00,In stock (14 available)
Humor,02b74068fa98d8a4,£11.83,£11.83,£0.00,In stock (14 available)
Nonfiction,132ec5e8c984adef,£21.95,£21.95,£0.00,In stock (14 available)
Sequential Art,71e36f33981ddb74,£38.39,£38.39,£0.00,In stock (14 available)
Fiction,727bf2b86b19ad88,£41.56,£41.56,£0.00,In stock (14 available)
Fiction,cc82685d9f49bc2c,£24.48,£24.48,£0.00,In stock (14 available)
Young Adult,137b0b2775701e11,£40.36,£40.36,£0.00,In stock (14 available)
Fiction,caa2e5b3fb1b2d4c,£28.90,£28.90,£0.00,In stock (14 available)
Add a comment,47d47155e89c8be7,£37.61,£37.61,£0.00,In stock (14 available)
Business,b96fc7a0ea7d4b45,£38.85,£38.85,£0.00,In stock (14 available)
Childrens,5b43cae640f2338a,£53.95,£53.95,£0.00,In stock (14 available)
Default,d512871626a5e588,£49.83,£49.83,£0.00,In stock (14 available)
Sequential Art,a10c7515834240f3,£51.51,£51.51,£0.00,In stock (14 available)
Music,adb5f51c2e2ab13f,£18.03,£18.03,£0.00,In stock (14 available)
Nonfiction,24af96df0bafb925,£29.14,£29.14,£0.00,In stock (14 available)
Default,17fb5a88180f9904,£46.91,£46.91,£0.00,In stock (14 available)
Nonfiction,1174156c4a0eccaa,£26.79,£26.79,£0.00,In stock (14 available)
Default,708345c9897fd7c5,£16.28,£16.28,£0.00,In stock (14 available)
Food and Drink,245e6bf08b8d2955,£19.55,£19.55,£0.00,In stock (14 available)
Fantasy,2b52334fab158861,£29.65,£29.65,£0.00,In stock (14 available)
Humor,b8a8ff84233f0570,£25.98,£25.98,£0.00,In stock (14 available)
Fiction,aeff7b87a8e83ebb,£10.60,£10.60,£0.00,In stock (14 available)
Humor,fbb21a2f71f4d981,£14.75,£14.75,£0.00,In stock (14 available)
Default,6b6cd77fbc91b7a6,£47.02,£47.02,£0.00,In stock (14 available)
Romance,0b165bd4b9f42fd5,£28.82,£28.82,£0.00,In stock (14 available)
Nonfiction,afa829857f82f99e,£58.79,£58.79,£0.00,In stock (14 available)
Default,f201f263d8c23f97,£10.23,£10.23,£0.00,In stock (14 available)
Religion,eec424a84c9e4c68,£30.03,£30.03,£0.00,In stock (14 available)
Historical Fiction,de4b403cb629a29f,£45.84,£45.84,£0.00,In stock (14 available)
Art,9194ae88379dbf1a,£49.05,£49.05,£0.00,In stock (14 available)
Nonfiction,ac4dde0d1be05de0,£15.06,£15.06,£0.00,In stock (14 available)
Default,a2bd4ca82d908442,£46.47,£46.47,£0.00,In stock (14 available)
Fiction,9eaf58b03a2779cc,£27.09,£27.09,£0.00,In stock (14 available)
Sequential Art,27c5968fe43cc06e,£57.62,£57.62,£0.00,In stock (14 available)
Fiction,1d6dd0c87d90fe92,£14.39,£14.39,£0.00,In stock (14 available)
Nonfiction,a01f6d368ef64dc5,£51.75,£51.75,£0.00,In stock (14 available)
Health,047dfa57ba0bf638,£54.07,£54.07,£0.00,In stock (14 available)
Young Adult,ad2887ce04583910,£55.35,£55.35,£0.00,In stock (14 available)
Horror,bf5de316a5e9a4ab,£40.12,£40.12,£0.00,In stock (14 available)
Fantasy,3c6fe637a0180b01,£37.51,£37.51,£0.00,In stock (14 available)
Fiction,94a958ea126cdcd5,£11.21,£11.21,£0.00,In stock (14 available)
Default,0e94a089328be4bc,£36.58,£36.58,£0.00,In stock (14 available)
Christian,4b9d9cfe0f435788,£47.72,£47.72,£0.00,In stock (14 available)
Fiction,28cf0d1c51b491e5,£25.01,£25.01,£0.00,In stock (14 available)
Add a comment,33a3e0e3ffde0dcd,£22.13,£22.13,£0.00,In stock (14 available)
Default,42b0c50fc44140ec,£44.14,£44.14,£0.00,In stock (14 available)
Fantasy,966ebb738e0f9d9b,£56.02,£56.02,£0.00,In stock (14 available)
Default,1e264c677d4ee4ae,£11.23,£11.23,£0.00,In stock (14 available)
Default,5b987e54ee72525c,£43.28,£43.28,£0.00,In stock (14 available)
Default,8a6ec2761f91dad2,£47.27,£47.27,£0.00,In stock (14 available)
Add a comment,bfbb54bc8cdeed2b,£20.29,£20.29,£0.00,In stock (14 available)
Young Adult,e2e7b683b4c15b7d,£50.83,£50.83,£0.00,In stock (14 available)
Default,1b0fc9f777cad045,£31.85,£31.85,£0.00,In stock (14 available)
Default,5f22418922fa728b,£46.23,£46.23,£0.00,In stock (14 available)
Nonfiction,16ef91b9d827859c,£37.80,£37.80,£0.00,In stock (14 available)
Nonfiction,a80f66b254fe9eb3,£49.32,£49.32,£0.00,In stock (14 available)
Sequential Art,bf68dcb5fad3cc8c,£32.01,£32.01,£0.00,In stock (14 available)
Food and Drink,999912e63a3262ae,£28.01,£28.01,£0.00,In stock (14 available)
Food and Drink,0e0da9192a025efc,£50.62,£50.62,£0.00,In stock (14 available)
Fiction,9b65f676984c9f0c,£17.03,£17.03,£0.00,In stock (14 available)
Sequential Art,ffdc825785c0ede8,£48.80,£48.80,£0.00,In stock (14 available)
Young Adult,41164b8ac02a2c42,£58.14,£58.14,£0.00,In stock (14 available)
Add a comment,1fbb5f786e53a0ce,£34.20,£34.20,£0.00,In stock (14 available)
Default,ad41c24ccac0c7ce,£51.48,£51.48,£0.00,In stock (14 available)
Historical,39861fc1c0845d15,£29.87,£29.87,£0.00,In stock (14 available)
Sequential Art,5319169a72714c62,£10.90,£10.90,£0.00,In stock (14 available)
Nonfiction,cf1aa2fc02a7d1e0,£56.37,£56.37,£0.00,In stock (14 available)
Mystery,4416c474713ec1f5,£48.35,£48.35,£0.00,In stock (14 available)
Mystery,63ee5bc46066a8a8,£16.73,£16.73,£0.00,In stock (14 available)
Add a comment,c1379d3744f1dd2c,£56.48,£56.48,£0.00,In stock (14 available)
Add a comment,1ad06aed9349af46,£40.79,£40.79,£0.00,In stock (14 available)
Fiction,8682c03de6a844ff,£39.72,£39.72,£0.00,In stock (14 available)
History,d5e0526e1ab682a3,£14.58,£14.58,£0.00,In stock (14 available)
Add a comment,01a177623cce9596,£55.51,£55.51,£0.00,In stock (14 available)
History,6e8e5626ac4d279e,£21.80,£21.80,£0.00,In stock (14 available)
Default,ac5e0d3938caf686,£13.33,£13.33,£0.00,In stock (13 available)
Fantasy,2f0213137a80d485,£38.73,£38.73,£0.00,In stock (13 available)
Add a comment,44d97b6707dae3f0,£37.86,£37.86,£0.00,In stock (13 available)
Food and Drink,8bbd7df8a324f31d,£11.53,£11.53,£0.00,In stock (13 available)
Nonfiction,4be9d1910f8a4e80,£27.06,£27.06,£0.00,In stock (13 available)
Womens Fiction,077b635ff2afc578,£13.86,£13.86,£0.00,In stock (12 available)
Science,148715df5a02ea5e,£37.55,£37.55,£0.00,In stock (12 available)
Fantasy,4a7a25be293ad678,£32.30,£32.30,£0.00,In stock (12 available)
Fiction,ce1ae197ada2aec4,£46.29,£46.29,£0.00,In stock (12 available)
Add a comment,14e44163678e24dc,£26.20,£26.20,£0.00,In stock (12 available)
Nonfiction,582a21a1dbbef3cf,£33.26,£33.26,£0.00,In stock (12 available)
Add a comment,3063c7e95d0bf76f,£59.15,£59.15,£0.00,In stock (12 available)
Psychology,235fa48eeed11d82,£39.43,£39.43,£0.00,In stock (12 available)
Young Adult,f732d7d18a91d2ba,£14.44,£14.44,£0.00,In stock (12 available)
Fiction,c6ca293d4810e0d5,£56.54,£56.54,£0.00,In stock (12 available)
Nonfiction,54fc03f1e1d355db,£59.90,£59.90,£0.00,In stock (12 available)
Add a comment,64fd010bf8d15096,£11.88,£11.88,£0.00,In stock (12 available)
Young Adult,b63ea3f7a57ae099,£48.05,£48.05,£0.00,In stock (12 available)
Nonfiction,f40fea200e0c644f,£21.21,£21.21,£0.00,In stock (12 available)
Default,ebf81a62e4798fd1,£49.67,£49.67,£0.00,In stock (12 available)
Business,8976d9161c027142,£43.14,£43.14,£0.00,In stock (12 available)
Horror,b8d7b3f5c7a95d65,£36.97,£36.97,£0.00,In stock (12 available)
Mystery,abdd91e96515a617,£26.80,£26.80,£0.00,In stock (12 available)
Add a comment,81ef44fcc5f454df,£15.71,£15.71,£0.00,In stock (12 available)
Young Adult,db84624b151cbe06,£54.65,£54.65,£0.00,In stock (12 available)
Mystery,e7fe3bf2768602cf,£54.36,£54.36,£0.00,In stock (12 available)
Mystery,c039f5aceb093537,£35.28,£35.28,£0.00,In stock (12 available)
Historical Fiction,9546d537fbf99eb6,£20.55,£20.55,£0.00,In stock (12 available)
Default,b978c9852cde91bd,£58.32,£58.32,£0.00,In stock (12 available)
Mystery,bddc6fd036eb6279,£11.84,£11.84,£0.00,In stock (12 available)
Nonfiction,c6a29d6df8de968c,£41.46,£41.46,£0.00,In stock (12 available)
Food and Drink,76319fe9d8b465a3,£20.10,£20.10,£0.00,In stock (12 available)
Politics,3968e3fbf4695d7c,£56.86,£56.86,£0.00,In stock (12 available)
Default,6983328f15506cb9,£56.51,£56.51,£0.00,In stock (12 available)
Romance,df7e628bad5782b4,£40.83,£40.83,£0.00,In stock (12 available)
Horror,d069086944f2e330,£48.64,£48.64,£0.00,In stock (12 available)
Mystery,49b24c6a41b82bd2,£59.48,£59.48,£0.00,In stock (12 available)
Historical Fiction,63343e287971bb0c,£39.01,£39.01,£0.00,In stock (12 available)
Food and Drink,a4eef523118805ef,£38.77,£38.77,£0.00,In stock (12 available)
Default,515cb8fcafb1ad98,£48.39,£48.39,£0.00,In stock (11 available)
Mystery,6159d8b187831770,£27.26,£27.26,£0.00,In stock (11 available)
Nonfiction,985991708c47003e,£11.68,£11.68,£0.00,In stock (11 available)
Fiction,437d8dea9272d0a9,£59.45,£59.45,£0.00,In stock (11 available)
Business,1c584f82a7a1c4f0,£21.00,£21.00,£0.00,In stock (11 available)
Romance,cf62fa272b5f0fa3,£53.98,£53.98,£0.00,In stock (11 available)
Science Fiction,f435aa99d864077d,£48.74,£48.74,£0.00,In stock (11 available)
Biography,b06599b108e83f98,£21.15,£21.15,£0.00,In stock (11 available)
Mystery,05a61a3bd8ca4149,£13.71,£13.71,£0.00,In stock (11 available)
Romance,b783ce08802cd1d1,£47.67,£47.67,£0.00,In stock (11 available)
Fiction,47e1b2d43f709995,£13.34,£13.34,£0.00,In stock (11 available)
Nonfiction,28b2df9fadc9f07e,£16.89,£16.89,£0.00,In stock (11 available)
Autobiography,5569c3fea112718e,£27.18,£27.18,£0.00,In stock (11 available)
Historical Fiction,bade9943ee01b63f,£17.28,£17.28,£0.00,In stock (11 available)
Fiction,469508882dfc1991,£45.14,£45.14,£0.00,In stock (11 available)
Autobiography,825d6c44da3ca5a6,£40.85,£40.85,£0.00,In stock (11 available)
Womens Fiction,20dc4f1ac5d4fd9c,£20.46,£20.46,£0.00,In stock (11 available)
Psychology,ce8666d9b42fc9a0,£56.27,£56.27,£0.00,In stock (11 available)
Womens Fiction,b5953ca1f8a0b8d7,£48.49,£48.49,£0.00,In stock (11 available)
Young Adult,c65c25d990fc7025,£51.34,£51.34,£0.00,In stock (11 available)
Fiction,f608c903c451f387,£16.34,£16.34,£0.00,In stock (11 available)
Food and Drink,2587c54f5530dafc,£20.50,£20.50,£0.00,In stock (11 available)
Business,816180220e8cb419,£21.59,£21.59,£0.00,In stock (11 available)
Science Fiction,2c34f9432069b52b,£21.36,£21.36,£0.00,In stock (11 available)
Default,bb967277222e689c,£20.88,£20.88,£0.00,In stock (11 available)
Nonfiction,2b69dec0193511d9,£19.53,£19.53,£0.00,In stock (11 available)
Romance,40c4bf520c17de54,£14.75,£14.75,£0.00,In stock (11 available)
Fiction,a9d7b75461084a26,£48.48,£48.48,£0.00,In stock (11 available)
Nonfiction,34669b2e9d407d3a,£24.57,£24.57,£0.00,In stock (10 available)
Health,96aa539bfd4c07e2,£49.71,£49.71,£0.00,In stock (10 available)
Add a comment,ab60e6f5a63e1cfb,£48.27,£48.27,£0.00,In stock (9 available)
Add a comment,d1848064c54e01c7,£58.05,£58.05,£0.00,In stock (9 available)
Default,4fd0a2a350f016e6,£58.87,£58.87,£0.00,In stock (9 available)
Default,0967effecd292a86,£11.82,£11.82,£0.00,In stock (9 available)
Fiction,903a9f8090104c2c,£28.03,£28.03,£0.00,In stock (9 available)
Default,4b50fb1359ebf35d,£44.05,£44.05,£0.00,In stock (9 available)
Food and Drink,65cfc9f242c2984a,£12.34,£12.34,£0.00,In stock (9 available)
Default,33396269bcce166f,£16.68,£16.68,£0.00,In stock (9 available)
Science,ca74f2e3c35a3e77,£55.91,£55.91,£0.00,In stock (9 available)
Religion,3f25a2fedae191cc,£24.57,£24.57,£0.00,In stock (9 available)
Health,f9c87ccb2bc4853b,£52.98,£52.98,£0.00,In stock (9 available)
Young Adult,e77594ece9b9d1fe,£54.40,£54.40,£0.00,In stock (9 available)
Novels,0e095ed785af7e43,£54.81,£54.81,£0.00,In stock (9 available)
Childrens,913e7109cec0cb4c,£25.08,£25.08,£0.00,In stock (9 available)
Default,ee6c67859d70186b,£10.41,£10.41,£0.00,In stock (9 available)
Default,6baac632f7711e26,£47.44,£47.44,£0.00,In stock (9 available)
Spirituality,8fab4c4f6f82a4ce,£20.91,£20.91,£0.00,In stock (9 available)
Sequential Art,97187f5cf0385da3,£33.95,£33.95,£0.00,In stock (9 available)
Humor,7e9068872228c474,£43.68,£43.68,£0.00,In stock (9 available)
Young Adult,e845d305f64154f1,£33.23,£33.23,£0.00,In stock (9 available)
Nonfiction,7186241e043de5dc,£35.92,£35.92,£0.00,In stock (9 available)
Art,d6d9ffea95f2f8bf,£48.63,£48.63,£0.00,In stock (9 available)
Fantasy,63d5f1651880dcea,£56.63,£56.63,£0.00,In stock (9 available)
Add a comment,c181ca8eabe7d18c,£50.49,£50.49,£0.00,In stock (9 available)
Add a comment,61cf7eb9d2cd8bb0,£35.79,£35.79,£0.00,In stock (9 available)
Nonfiction,e77033ce559947f7,£34.06,£34.06,£0.00,In stock (8 available)
Nonfiction,04f6c929888f4f11,£17.76,£17.76,£0.00,In stock (8 available)
Nonfiction,b69c852e7e3956af,£39.36,£39.36,£0.00,In stock (8 available)
Travel,1809259a5a5f1d8d,£36.94,£36.94,£0.00,In stock (8 available)
Default,e0bdd79c7304ee8d,£43.62,£43.62,£0.00,In stock (8 available)
Art,3eec766dda26fa64,£43.02,£43.02,£0.00,In stock (8 available)
Nonfiction,5a0d2e9284004266,£28.45,£28.45,£0.00,In stock (8 available)
Default,9afd00e81d6208e6,£41.39,£41.39,£0.00,In stock (8 available)
Fiction,4f283dfcbeccc0d4,£51.15,£51.15,£0.00,In stock (8 available)
Short Stories,1bba4b1ba23ed2d6,£35.88,£35.88,£0.00,In stock (8 available)
Business,a2308a936e898d48,£36.91,£36.91,£0.00,In stock (8 available)
Young Adult,331c26103d885cae,£28.93,£28.93,£0.00,In stock (8 available)
Nonfiction,a2475a245c9907c4,£38.89,£38.89,£0.00,In stock (8 available)
Suspense,e46a164cf310fd7d,£58.33,£58.33,£0.00,In stock (8 available)
Christian Fiction,bee6e93e9976f4fa,£39.67,£39.67,£0.00,In stock (8 available)
Sequential Art,aeb51dfbe8aeec59,£14.10,£14.10,£0.00,In stock (8 available)
Nonfiction,52fc458ffc756faf,£21.82,£21.82,£0.00,In stock (8 available)
Philosophy,d56d0710668bb39c,£54.21,£54.21,£0.00,In stock (8 available)
Music,4a823d80aa30dbb0,£31.19,£31.19,£0.00,In stock (8 available)
Poetry,c0fc0cd215ee1724,£53.64,£53.64,£0.00,In stock (8 available)
Young Adult,9a7291b89bd5445c,£36.39,£36.39,£0.00,In stock (8 available)
Fiction,bff270fe9c86a5a9,£58.54,£58.54,£0.00,In stock (8 available)
Nonfiction,4729afff3bea0f0a,£29.48,£29.48,£0.00,In stock (8 available)
Nonfiction,4d3a4c7b442a9a4e,£25.06,£25.06,£0.00,In stock (8 available)
Nonfiction,044534b0b28b4e87,£12.55,£12.55,£0.00,In stock (8 available)
Poetry,c44c5e1425475206,£29.04,£29.04,£0.00,In stock (8 available)
Default,29af1a2566c4e36e,£40.72,£40.72,£0.00,In stock (8 available)
Music,39eefec3a8498dde,£45.05,£45.05,£0.00,In stock (8 available)
Philosophy,0cf57cb49272fd37,£47.13,£47.13,£0.00,In stock (8 available)
Default,bd26e8a79a856c31,£20.22,£20.22,£0.00,In stock (8 available)
Default,0ab4b35dcffcffd1,£56.48,£56.48,£0.00,In stock (8 available)
Nonfiction,bbf1ea50be8008ab,£44.21,£44.21,£0.00,In stock (8 available)
Fiction,0bfdef63285d3019,£21.96,£21.96,£0.00,In stock (8 available)
Poetry,b7870fa6dc088fbb,£40.45,£40.45,£0.00,In stock (8 available)
Art,8a150fd8ff5d7686,£10.29,£10.29,£0.00,In stock (8 available)
Default,d48c1369927ebef1,£52.86,£52.86,£0.00,In stock (8 available)
Young Adult,df6a7c43faa6732b,£55.65,£55.65,£0.00,In stock (8 available)
Default,e049d44c4f1cf1b2,£43.64,£43.64,£0.00,In stock (8 available)
Science,0c11e2d068768dbb,£28.41,£28.41,£0.00,In stock (8 available)
Default,4dbd54d9e36c9566,£37.51,£37.51,£0.00,In stock (8 available)
History,7f5157bf53065d36,£11.45,£11.45,£0.00,In stock (8 available)
Nonfiction,77e9ea355bd8ae57,£19.22,£19.22,£0.00,In stock (8 available)
Nonfiction,04e3de7ac35ec5cd,£56.91,£56.91,£0.00,In stock (8 available)
Nonfiction,15ebd83e53d0391b,£55.06,£55.06,£0.00,In stock (8 available)
Nonfiction,fef91502cbacf23a,£13.20,£13.20,£0.00,In stock (8 available)
Food and Drink,b1a227b7609ff263,£53.63,£53.63,£0.00,In stock (8 available)
History,f16c2edb2a603f92,£44.48,£44.48,£0.00,In stock (8 available)
Self Help,88ec621893e595d0,£12.08,£12.08,£0.00,In stock (7 available)
Default,b46d022080543144,£22.14,£22.14,£0.00,In stock (7 available)
Mystery,9735c969c652dd89,£25.37,£25.37,£0.00,In stock (7 available)
Spirituality,48cb52d78c992487,£46.33,£46.33,£0.00,In stock (7 available)
Travel,a94350ee74deaa07,£37.33,£37.33,£0.00,In stock (7 available)
Humor,4242cc3d0437db12,£25.55,£25.55,£0.00,In stock (7 available)
Default,4a0b78598b42897a,£34.72,£34.72,£0.00,In stock (7 available)
Childrens,0ff9d10864db8364,£35.96,£35.96,£0.00,In stock (7 available)
Art,9147c5251cc99eb1,£41.14,£41.14,£0.00,In stock (7 available)
Science,0345872b14f9e774,£10.01,£10.01,£0.00,In stock (7 available)
Default,a8dbf1c6b41b885a,£36.05,£36.05,£0.00,In stock (7 available)
Default,f935412970c9f58f,£49.03,£49.03,£0.00,In stock (7 available)
Add a comment,47f4fd3e8e1dac05,£16.24,£16.24,£0.00,In stock (7 available)
Biography,57f85720e54d6442,£39.55,£39.55,£0.00,In stock (7 available)
Add a comment,7a10353c9c54cf7c,£35.67,£35.67,£0.00,In stock (7 available)
Historical Fiction,24933c712f0bca2f,£16.62,£16.62,£0.00,In stock (7 available)
Fiction,d250657f0ebc5d73,£42.78,£42.78,£0.00,In stock (7 available)
Mystery,20789fb17b423c4c,£52.30,£52.30,£0.00,In stock (7 available)
Art,4b8fa561a1e52d1c,£32.34,£32.34,£0.00,In stock (7 available)
Default,5fbd03b1ac0a0e69,£33.17,£33.17,£0.00,In stock (7 available)
Add a comment,ba047a636b7d3793,£20.12,£20.12,£0.00,In stock (7 available)
Default,8776181be110838a,£20.90,£20.90,£0.00,In stock (7 available)
Romance,bd087cf6a846db75,£20.90,£20.90,£0.00,In stock (7 available)
Fiction,7ffebdd1d5148aef,£40.20,£40.20,£0.00,In stock (7 available)
Childrens,9639e89d20228e6e,£52.87,£52.87,£0.00,In stock (7 available)
Business,8486f61aa81a3daa,£51.74,£51.74,£0.00,In stock (7 available)
Childrens,31c56c4d0fe19340,£34.41,£34.41,£0.00,In stock (7 available)
Childrens,68008abf6409dfde,£32.38,£32.38,£0.00,In stock (7 available)
Young Adult,746029796363aa51,£50.35,£50.35,£0.00,In stock (7 available)
Food and Drink,924438fc6cbec836,£11.38,£11.38,£0.00,In stock (7 available)
Womens Fiction,725cd8d23d78cdca,£43.58,£43.58,£0.00,In stock (7 available)
Fiction,dac4b5847454fd9b,£49.67,£49.67,£0.00,In stock (7 available)
Christian Fiction,b6670507e85b30e6,£28.77,£28.77,£0.00,In stock (7 available)
Default,40cdcbb7692fd408,£13.22,£13.22,£0.00,In stock (7 available)
Poetry,b74ee891e2a6dd69,£51.17,£51.17,£0.00,In stock (7 available)
Fantasy,4c82371b8cd02d4d,£39.61,£39.61,£0.00,In stock (7 available)
Add a comment,68407606544d6f22,£57.43,£57.43,£0.00,In stock (7 available)
Food and Drink,2a9fcb3382d351c8,£46.01,£46.01,£0.00,In stock (7 available)
Food and Drink,eff5710404e2ff78,£28.25,£28.25,£0.00,In stock (7 available)
Add a comment,c00bc29a678a6efb,£37.05,£37.05,£0.00,In stock (7 available)
Sequential Art,de6d7645f192d517,£19.57,£19.57,£0.00,In stock (7 available)
Nonfiction,2e40333991f56f45,£45.13,£45.13,£0.00,In stock (7 available)
Nonfiction,4e78f06160b717ac,£46.64,£46.64,£0.00,In stock (7 available)
Fantasy,4fa75fc6829431ca,£12.16,£12.16,£0.00,In stock (7 available)
Mystery,4e980425468708da,£20.89,£20.89,£0.00,In stock (7 available)
Christian Fiction,4807043b8218e9ce,£17.97,£17.97,£0.00,In stock (7 available)
Music,4781b6bfd6f7a2c5,£52.60,£52.60,£0.00,In stock (7 available)
Christian,a322361a37a78d3d,£25.77,£25.77,£0.00,In stock (7 available)
Biography,5b546a46a86a9d8c,£48.19,£48.19,£0.00,In stock (7 available)
Philosophy,6b52904b2ab91bf6,£29.93,£29.93,£0.00,In stock (7 available)
Travel,cc1936a9f4e93477,£44.34,£44.34,£0.00,In stock (7 available)
History,6c7fa6844380f50a,£52.40,£52.40,£0.00,In stock (7 available)
Fantasy,d1378a0ad06ff979,£44.81,£44.81,£0.00,In stock (7 available)
Default,5ba3d703d1ae0c1d,£57.84,£57.84,£0.00,In stock (6 available)
History,774fa432bd7d9c47,£39.67,£39.67,£0.00,In stock (6 available)
Default,fd364afd082f5446,£55.02,£55.02,£0.00,In stock (6 available)
Mystery,2da5edf8b5776c9a,£24.80,£24.80,£0.00,In stock (6 available)
Nonfiction,60376aa71be66083,£59.45,£59.45,£0.00,In stock (6 available)
Default,2efa5a839e62b1bd,£31.58,£31.58,£0.00,In stock (6 available)
Add a comment,d326e189b1210916,£43.27,£43.27,£0.00,In stock (6 available)
Historical Fiction,e6635f5b0a2c78db,£37.34,£37.34,£0.00,In stock (6 available)
Default,72b5355dda190b6a,£17.80,£17.80,£0.00,In stock (6 available)
Travel,48736df57e7bec9f,£30.54,£30.54,£0.00,In stock (6 available)
Add a comment,d33824cb93ecab6f,£18.77,£18.77,£0.00,In stock (6 available)
Add a comment,2bc80eba94950873,£46.85,£46.85,£0.00,In stock (6 available)
Historical,eb7459e0c570251d,£15.79,£15.79,£0.00,In stock (6 available)
Default,cb17945cb90b7837,£10.27,£10.27,£0.00,In stock (6 available)
Poetry,3d250ab0f12be445,£15.42,£15.42,£0.00,In stock (6 available)
Food and Drink,6478ccb4416e6a5d,£59.92,£59.92,£0.00,In stock (6 available)
Young Adult,2a1b3d967cda1da2,£50.96,£50.96,£0.00,In stock (6 available)
Default,8d8e9f9b8730eb25,£30.60,£30.60,£0.00,In stock (6 available)
Add a comment,720c36b2bee4692e,£19.27,£19.27,£0.00,In stock (6 available)
Default,6d235933670503d9,£46.58,£46.58,£0.00,In stock (6 available)
Add a comment,f38f37ed934d84b2,£48.51,£48.51,£0.00,In stock (6 available)
Fiction,7a2b51f69e81c722,£19.02,£19.02,£0.00,In stock (6 available)
Mystery,6958de044cb28a84,£38.38,£38.38,£0.00,In stock (6 available)
Nonfiction,fe0f34ebed689381,£49.98,£49.98,£0.00,In stock (6 available)
Self Help,e792c0969cefe1b8,£46.49,£46.49,£0.00,In stock (6 available)
Thriller,012170e4fc87ace0,£18.32,£18.32,£0.00,In stock (6 available)
Nonfiction,384c7d41d5ffe9d1,£42.14,£42.14,£0.00,In stock (6 available)
Add a comment,56a34d0cec11d6b0,£56.59,£56.59,£0.00,In stock (6 available)
Sequential Art,97258f576d4bb672,£20.96,£20.96,£0.00,In stock (6 available)
Fiction,4e3b183180e2a992,£40.32,£40.32,£0.00,In stock (6 available)
Sequential Art,6e06d0f00f6da20f,£36.39,£36.39,£0.00,In stock (6 available)
History,f3c70d296ec796c4,£58.55,£58.55,£0.00,In stock (6 available)
Food and Drink,faf841f81c52638b,£39.61,£39.61,£0.00,In stock (6 available)
Psychology,46cb43c2ab133ccc,£21.30,£21.30,£0.00,In stock (6 available)
Travel,9e60929f521fa280,£56.88,£56.88,£0.00,In stock (6 available)
Historical Fiction,2e5b4ff08a75fd02,£32.97,£32.97,£0.00,In stock (5 available)
Young Adult,e75f3ae1da1cc652,£47.31,£47.31,£0.00,In stock (5 available)
Nonfiction,759ee7d059b1beb8,£48.67,£48.67,£0.00,In stock (5 available)
Young Adult,60369d96b7b80869,£41.73,£41.73,£0.00,In stock (5 available)
Default,163d89116179c33f,£53.68,£53.68,£0.00,In stock (5 available)
Young Adult,3a7d54a264d9f33e,£14.64,£14.64,£0.00,In stock (5 available)
Music,bc209a900101f28d,£38.40,£38.40,£0.00,In stock (5 available)
Classics,abbb492978ff656d,£15.08,£15.08,£0.00,In stock (5 available)
Add a comment,2e4fc5eacceec12c,£30.57,£30.57,£0.00,In stock (5 available)
Fantasy,e0b3a679b83caccc,£57.74,£57.74,£0.00,In stock (5 available)
Food and Drink,f701fae56b645ef7,£11.05,£11.05,£0.00,In stock (5 available)
Classics,93379e3a2072a01b,£28.58,£28.58,£0.00,In stock (5 available)
History,0d210d2448c3018f,£42.91,£42.91,£0.00,In stock (5 available)
Fiction,dfd9ff1f343cdaff,£24.73,£24.73,£0.00,In stock (5 available)
History,c4589ee5977a47be,£55.91,£55.91,£0.00,In stock (5 available)
Science,3213b1f13f5f0f7c,£13.76,£13.76,£0.00,In stock (5 available)
Fiction,ad84f18659e6bfe2,£45.56,£45.56,£0.00,In stock (5 available)
Default,3661360c99719414,£47.22,£47.22,£0.00,In stock (5 available)
Fantasy,a2a9f76339d21ab1,£56.00,£56.00,£0.00,In stock (5 available)
Fiction,fe7210553d56c097,£44.58,£44.58,£0.00,In stock (5 available)
Default,fec06f52054ea900,£34.50,£34.50,£0.00,In stock (5 available)
Young Adult,c4182bdb53e2459a,£11.33,£11.33,£0.00,In stock (5 available)
Poetry,b228042c088b1913,£38.77,£38.77,£0.00,In stock (5 available)
Default,b716233fcb6877e6,£11.83,£11.83,£0.00,In stock (5 available)
Fantasy,84126312e2431a09,£45.51,£45.51,£0.00,In stock (5 available)
Young Adult,50d5a7b861ed1c54,£41.81,£41.81,£0.00,In stock (5 available)
Nonfiction,1dba84766a5e87b8,£25.15,£25.15,£0.00,In stock (5 available)
Fiction,84bb29c53592ac40,£34.22,£34.22,£0.00,In stock (5 available)
Default,59a8ae019b64f2a7,£16.23,£16.23,£0.00,In stock (5 available)
Default,2973d38c2fbd7a5c,£11.48,£11.48,£0.00,In stock (5 available)
Horror,e958ae92f328c181,£23.37,£23.37,£0.00,In stock (5 available)
Science,6036239d2ab349b7,£16.28,£16.28,£0.00,In stock (5 available)
Nonfiction,a4ce39a3720cd679,£31.63,£31.63,£0.00,In stock (5 available)
Food and Drink,12a90b90283b2e6d,£24.91,£24.91,£0.00,In stock (5 available)
Childrens,81c68492ccd72941,£22.54,£22.54,£0.00,In stock (5 available)
Young Adult,5e1a88d248599768,£23.63,£23.63,£0.00,In stock (5 available)
Academic,7093cf549cd2e7de,£13.12,£13.12,£0.00,In stock (5 available)
Fiction,07e6810fd3236bda,£59.98,£59.98,£0.00,In stock (5 available)
Thriller,8dde2ff3f6fcc0a3,£31.49,£31.49,£0.00,In stock (5 available)
Young Adult,44f545727e704187,£15.52,£15.52,£0.00,In stock (5 available)
Young Adult,45045146dbf7b009,£48.13,£48.13,£0.00,In stock (5 available)
Default,7284d85428305f5a,£38.13,£38.13,£0.00,In stock (5 available)
Default,d219d4e325e6f204,£36.55,£36.55,£0.00,In stock (5 available)
Default,6c49258724f11770,£23.32,£23.32,£0.00,In stock (5 available)
Sequential Art,3fd83dcf37bf1bc0,£16.33,£16.33,£0.00,In stock (5 available)
Science Fiction,3fc124f59f3068e4,£32.42,£32.42,£0.00,In stock (5 available)
Default,630e766f0a1987dd,£16.96,£16.96,£0.00,In stock (5 available)
Add a comment,b28c7d07afa7063b,£22.37,£22.37,£0.00,In stock (5 available)
Add a comment,75cc85cdbe9ad46b,£42.27,£42.27,£0.00,In stock (5 available)
Default,d5ad4c92d8bf26c9,£38.70,£38.70,£0.00,In stock (5 available)
Horror,e46b1074b99ac4b6,£35.63,£35.63,£0.00,In stock (5 available)
Fiction,94bb629a3f6dd00b,£58.00,£58.00,£0.00,In stock (5 available)
Sequential Art,1c0a38899c82b60a,£52.41,£52.41,£0.00,In stock (5 available)
Nonfiction,bcf567421c581f0a,£32.35,£32.35,£0.00,In stock (5 available)
Philosophy,429b4a811bef386c,£20.75,£20.75,£0.00,In stock (5 available)
Poetry,b54d7416bb445989,£17.49,£17.49,£0.00,In stock (5 available)
Default,ad5e078beceaeb4a,£34.13,£34.13,£0.00,In stock (5 available)
Autobiography,612369a5947a012e,£58.81,£58.81,£0.00,In stock (5 available)
Young Adult,f36d24c309e87e5b,£10.00,£10.00,£0.00,In stock (5 available)
History,add33db6ff80db24,£51.22,£51.22,£0.00,In stock (5 available)
Default,d9290e99f189ce84,£58.59,£58.59,£0.00,In stock (5 available)
Romance,cf3b86489890b9f2,£31.30,£31.30,£0.00,In stock (5 available)
Add a comment,03cbb67c0f990d87,£46.42,£46.42,£0.00,In stock (5 available)
Fantasy,f2c8f4b4c94d5c5c,£17.21,£17.21,£0.00,In stock (5 available)
Add a comment,89a89e76f3516357,£10.79,£10.79,£0.00,In stock (5 available)
Default,a8f4577a48023344,£52.35,£52.35,£0.00,In stock (4 available)
Default,d4de23aa98acc65b,£27.88,£27.88,£0.00,In stock (4 available)
Classics,6053ddf69c967d5f,£50.26,£50.26,£0.00,In stock (4 available)
Romance,9cc207168a03470d,£59.99,£59.99,£0.00,In stock (4 available)
Historical Fiction,011674f4a3834b8d,£28.32,£28.32,£0.00,In stock (4 available)
Nonfiction,6a57286a8890d8c5,£38.71,£38.71,£0.00,In stock (4 available)
Default,6d2f70d9424f41a1,£29.85,£29.85,£0.00,In stock (4 available)
Classics,6587f46697fc4443,£14.82,£14.82,£0.00,In stock (4 available)
Nonfiction,45033bdf3d9ed158,£16.81,£16.81,£0.00,In stock (4 available)
Nonfiction,c65ee14957c0fa5c,£28.23,£28.23,£0.00,In stock (4 available)
Fantasy,ff2dffba388d9922,£52.11,£52.11,£0.00,In stock (4 available)
Sequential Art,df53c2948b32bde3,£27.88,£27.88,£0.00,In stock (4 available)
Thriller,9c4d061c1e2fe6bf,£59.71,£59.71,£0.00,In stock (4 available)
Fantasy,8930013d06942df1,£46.08,£46.08,£0.00,In stock (4 available)
Womens Fiction,31f5bbf4974d29c9,£13.73,£13.73,£0.00,In stock (4 available)
Womens Fiction,38199c5d7da0c0ef,£48.39,£48.39,£0.00,In stock (4 available)
Fantasy,ae884ac655d6ee3e,£49.45,£49.45,£0.00,In stock (4 available)
Default,5de4baa88061a77a,£19.67,£19.67,£0.00,In stock (4 available)
Music,2ba5ccc84d35006c,£12.36,£12.36,£0.00,In stock (4 available)
Music,3a95f5a2df4ff921,£20.02,£20.02,£0.00,In stock (4 available)
Horror,869d20b3b8128230,£12.75,£12.75,£0.00,In stock (4 available)
Horror,70b585c9d0f15725,£47.51,£47.51,£0.00,In stock (4 available)
Default,5212c6acea3359e5,£20.44,£20.44,£0.00,In stock (4 available)
Horror,81d4191030b9704b,£34.79,£34.79,£0.00,In stock (4 available)
Classics,deda806b68b0aa11,£28.07,£28.07,£0.00,In stock (4 available)
Horror,670a2773607d785d,£25.01,£25.01,£0.00,In stock (4 available)
Default,ac337893a9fe0085,£13.90,£13.90,£0.00,In stock (4 available)
Young Adult,eff24325e0ede639,£24.17,£24.17,£0.00,In stock (4 available)
Fantasy,5a6b7155f2797537,£31.63,£31.63,£0.00,In stock (4 available)
Fantasy,73f4f87dd936ee5c,£48.75,£48.75,£0.00,In stock (4 available)
Fantasy,c7c4f55b7321cba7,£14.74,£14.74,£0.00,In stock (4 available)
Classics,23310ce84d3c9f85,£32.49,£32.49,£0.00,In stock (4 available)
Nonfiction,ddbc5530d2939d49,£27.80,£27.80,£0.00,In stock (4 available)
Historical Fiction,5eff05e59f905a49,£26.77,£26.77,£0.00,In stock (4 available)
Sequential Art,8fff1084aa085a13,£50.44,£50.44,£0.00,In stock (4 available)
Thriller,ad15a9a139919918,£34.93,£34.93,£0.00,In stock (4 available)
Romance,2b69d289279aabfd,£12.87,£12.87,£0.00,In stock (4 available)
Default,a2dc754afb69bb32,£48.94,£48.94,£0.00,In stock (4 available)
Romance,aaebac5fda798b1b,£13.38,£13.38,£0.00,In stock (4 available)
Classics,2798974abc8a58a8,£58.63,£58.63,£0.00,In stock (4 available)
Womens Fiction,0812f54c93d726ce,£21.94,£21.94,£0.00,In stock (4 available)
Fiction,78a4ac98191ac675,£26.58,£26.58,£0.00,In stock (4 available)
Classics,1451b55e5e56bb89,£57.22,£57.22,£0.00,In stock (4 available)
Romance,aead11697d14ea36,£56.43,£56.43,£0.00,In stock (4 available)
Spirituality,f6ae39568db1130e,£55.65,£55.65,£0.00,In stock (4 available)
Religion,d12ca4020c2f602e,£27.62,£27.62,£0.00,In stock (4 available)
Horror,6e9403f00acd6752,£49.56,£49.56,£0.00,In stock (4 available)
Default,634b7165c96ebb9f,£34.77,£34.77,£0.00,In stock (3 available)
Classics,5a7ff9aaa3168878,£17.73,£17.73,£0.00,In stock (3 available)
Default,5d55202da0252627,£21.80,£21.80,£0.00,In stock (3 available)
Default,d30b9215c72cca87,£46.02,£46.02,£0.00,In stock (3 available)
Default,07bb35158d9dd3d2,£18.13,£18.13,£0.00,In stock (3 available)
Humor,dab0196cd5fc8e5e,£30.89,£30.89,£0.00,In stock (3 available)
Nonfiction,06bab964fd536971,£31.95,£31.95,£0.00,In stock (3 available)
Contemporary,be3db344a845580b,£24.04,£24.04,£0.00,In stock (3 available)
Young Adult,0e4e2d31c2fb3aad,£32.36,£32.36,£0.00,In stock (3 available)
Historical Fiction,7feac4000cbc5859,£21.07,£21.07,£0.00,In stock (3 available)
Nonfiction,52aa3d79b1cee455,£50.66,£50.66,£0.00,In stock (3 available)
Food and Drink,4672d10b9b1e7a05,£13.66,£13.66,£0.00,In stock (3 available)
Nonfiction,b830685072fa871f,£58.09,£58.09,£0.00,In stock (3 available)
Nonfiction,599a4f98bb193368,£30.00,£30.00,£0.00,In stock (3 available)
Young Adult,61bc8167c9680283,£32.74,£32.74,£0.00,In stock (3 available)
Default,b53078de0147f6bf,£41.93,£41.93,£0.00,In stock (3 available)
Womens Fiction,8ebad30219b8679c,£42.80,£42.80,£0.00,In stock (3 available)
Nonfiction,2173a2ce35f6ace1,£53.51,£53.51,£0.00,In stock (3 available)
Fiction,57f755143ee96fd4,£23.21,£23.21,£0.00,In stock (3 available)
Psychology,719d72f3ee512dc6,£21.14,£21.14,£0.00,In stock (3 available)
Childrens,75fed6a47f69859d,£56.07,£56.07,£0.00,In stock (3 available)
Sequential Art,a33ed2e6068df53e,£14.41,£14.41,£0.00,In stock (3 available)
Womens Fiction,813cff2aefa5d1f0,£45.75,£45.75,£0.00,In stock (3 available)
Thriller,2b685187f55c5d31,£15.77,£15.77,£0.00,In stock (3 available)
Add a comment,224fa77d4b248046,£10.02,£10.02,£0.00,In stock (3 available)
Childrens,3d15714d4d3d15dd,£48.77,£48.77,£0.00,In stock (3 available)
Horror,49f24193f0b961e6,£57.86,£57.86,£0.00,In stock (3 available)
Food and Drink,742702d662a71410,£23.59,£23.59,£0.00,In stock (3 available)
Mystery,f06039c29b5891fa,£23.05,£23.05,£0.00,In stock (3 available)
Sequential Art,91eb9605998a7c03,£55.55,£55.55,£0.00,In stock (3 available)
Fantasy,322a9e34d87f54b1,£58.64,£58.64,£0.00,In stock (3 available)
Travel,366a236aa1ea6f07,£23.21,£23.21,£0.00,In stock (3 available)
Biography,1a5044d233936b1a,£42.57,£42.57,£0.00,In stock (3 available)
Science Fiction,0e92ccf1bd39e68f,£10.92,£10.92,£0.00,In stock (3 available)
Add a comment,e2d47e82c50d41d9,£34.77,£34.77,£0.00,In stock (3 available)
Historical Fiction,3c456328b04a8ee8,£35.66,£35.66,£0.00,In stock (3 available)
Add a comment,0e7beedf0ee9380c,£37.19,£37.19,£0.00,In stock (3 available)
Romance,969f6c7e86554814,£12.25,£12.25,£0.00,In stock (3 available)
Classics,b9f6305a3d650e2c,£29.70,£29.70,£0.00,In stock (3 available)
Default,fa26798728f5208f,£36.80,£36.80,£0.00,In stock (3 available)
Romance,ee441c8e027caa66,£45.43,£45.43,£0.00,In stock (3 available)
Fiction,29d6d87f3418638b,£26.26,£26.26,£0.00,In stock (3 available)
Young Adult,3e42ac0f4d43320f,£44.92,£44.92,£0.00,In stock (3 available)
Womens Fiction,6263c1d2997b8ce0,£52.53,£52.53,£0.00,In stock (3 available)
Nonfiction,0baf71623648413a,£37.25,£37.25,£0.00,In stock (3 available)
Default,4266f48a0aa1c37d,£20.93,£20.93,£0.00,In stock (3 available)
Default,36c15687f5ab0f7c,£58.09,£58.09,£0.00,In stock (3 available)
Childrens,cf2f27fdf94ba20e,£43.59,£43.59,£0.00,In stock (3 available)
Business,70c7c3ca7f9b2728,£33.92,£33.92,£0.00,In stock (3 available)
Historical Fiction,476c7972e9b41891,£55.55,£55.55,£0.00,In stock (3 available)
Young Adult,35e69a79d2b1e804,£29.64,£29.64,£0.00,In stock (3 available)
Fiction,554e9e2d532b3a87,£27.41,£27.41,£0.00,In stock (3 available)
Fiction,ff6bb30dd0c482a6,£52.51,£52.51,£0.00,In stock (3 available)
Add a comment,a8b0ea6490bc818f,£47.80,£47.80,£0.00,In stock (3 available)
History,b5da59dd177eb36b,£14.54,£14.54,£0.00,In stock (3 available)
Historical Fiction,4a0a276409968a73,£49.53,£49.53,£0.00,In stock (3 available)
Default,c88422d8959260ab,£43.58,£43.58,£0.00,In stock (3 available)
Default,e2dac1f4739e0bd5,£12.30,£12.30,£0.00,In stock (3 available)
Horror,92dcc54a27107a37,£49.47,£49.47,£0.00,In stock (3 available)
Default,bfa9cb304075d3e8,£22.14,£22.14,£0.00,In stock (3 available)
Add a comment,8f5d16a5a9bd58b2,£57.48,£57.48,£0.00,In stock (3 available)
Mystery,dd003e904727281a,£43.45,£43.45,£0.00,In stock (3 available)
Add a comment,b3f2bc2cefb35f05,£22.13,£22.13,£0.00,In stock (3 available)
Science,c6bf14cb901c63ac,£13.03,£13.03,£0.00,In stock (3 available)
Science,63c0826ef59eae66,£57.35,£57.35,£0.00,In stock (3 available)
Womens Fiction,a6ab0cb7106a67f2,£44.29,£44.29,£0.00,In stock (3 available)
Default,f51062bf579507d9,£52.25,£52.25,£0.00,In stock (3 available)
Childrens,b22362b434e8ee62,£26.33,£26.33,£0.00,In stock (3 available)
Fiction,dabf11918b48b40c,£22.96,£22.96,£0.00,In stock (3 available)
Mystery,1be6d3b121865edb,£19.21,£19.21,£0.00,In stock (3 available)
Classics,cad70d6ffd53912f,£26.78,£26.78,£0.00,In stock (3 available)
Add a comment,23707d3ddf14a999,£41.32,£41.32,£0.00,In stock (3 available)
Add a comment,487449f4f6322f0f,£24.55,£24.55,£0.00,In stock (3 available)
Childrens,b7f475238ed50429,£16.26,£16.26,£0.00,In stock (3 available)
Add a comment,970bd3316219e7dc,£47.84,£47.84,£0.00,In stock (3 available)
Default,a75e274c8814b539,£53.49,£53.49,£0.00,In stock (3 available)
Sports and Games,08decd9664e5d56e,£44.84,£44.84,£0.00,In stock (3 available)
Add a comment,cd3dcd83bb002e78,£53.71,£53.71,£0.00,In stock (3 available)
Default,b04a6a0db525857d,£23.43,£23.43,£0.00,In stock (3 available)
Food and Drink,311634df10651e05,£34.32,£34.32,£0.00,In stock (3 available)
Fiction,2858ac90c4758e1f,£22.10,£22.10,£0.00,In stock (3 available)
Science,61002f3b7ba5d780,£25.83,£25.83,£0.00,In stock (3 available)
Nonfiction,a11ae5f07572ef49,£36.74,£36.74,£0.00,In stock (3 available)
Nonfiction,f08667e4c0458f37,£49.51,£49.51,£0.00,In stock (3 available)
Womens Fiction,ac27ab4bcd9c492e,£48.96,£48.96,£0.00,In stock (3 available)
Womens Fiction,3fc9d51d1c4d6ba7,£54.62,£54.62,£0.00,In stock (3 available)
Fantasy,feaaae90514eb2ac,£24.72,£24.72,£0.00,In stock (3 available)
Default,c57d3c96af23c297,£46.45,£46.45,£0.00,In stock (3 available)
Add a comment,07806456878931bc,£52.33,£52.33,£0.00,In stock (3 available)
Science,281a244ce1954711,£30.60,£30.60,£0.00,In stock (3 available)
Young Adult,510832818edb6fbc,£14.57,£14.57,£0.00,In stock (3 available)
Add a comment,5b2cd5b31a510848,£46.29,£46.29,£0.00,In stock (3 available)
Sequential Art,7b870bf85d01c2dc,£21.57,£21.57,£0.00,In stock (3 available)
Autobiography,28921443f052bea6,£12.91,£12.91,£0.00,In stock (3 available)
Add a comment,b4f5672f68ec3a83,£50.11,£50.11,£0.00,In stock (3 available)
Nonfiction,89cad3f37c9ce226,£41.67,£41.67,£0.00,In stock (3 available)
Business,8e9dd8431170c09e,£44.88,£44.88,£0.00,In stock (3 available)
Romance,ecdf73ee66c33b17,£11.10,£11.10,£0.00,In stock (3 available)
Childrens,4c8ece50736f9e88,£28.54,£28.54,£0.00,In stock (3 available)
Science Fiction,2ef5dc7e278e562a,£19.07,£19.07,£0.00,In stock (3 available)
Default,3c565df219ba3274,£43.55,£43.55,£0.00,In stock (3 available)
Sequential Art,9707989a439757b4,£43.63,£43.63,£0.00,In stock (3 available)
Sequential Art,cb62418129b864a3,£39.13,£39.13,£0.00,In stock (3 available)
Default,8e2dfd6bcf48e1e6,£56.68,£56.68,£0.00,In stock (3 available)
Nonfiction,09a7b0b566ad6225,£14.16,£14.16,£0.00,In stock (3 available)
Sequential Art,c59283b05905c853,£31.45,£31.45,£0.00,In stock (3 available)
Default,8378c899988905ee,£24.61,£24.61,£0.00,In stock (3 available)
Default,3250650a5c4e6f07,£32.87,£32.87,£0.00,In stock (3 available)
Nonfiction,cb65e49993db9a93,£40.17,£40.17,£0.00,In stock (3 available)
Nonfiction,c4d9fce9eff3b8ba,£13.51,£13.51,£0.00,In stock (3 available)
Travel,747cf7fca2ccdbd4,£38.95,£38.95,£0.00,In stock (3 available)
Humor,54aeeb4610d3ae08,£31.69,£31.69,£0.00,In stock (3 available)
Default,7ce5a92baabb6bc0,£29.40,£29.40,£0.00,In stock (3 available)
Nonfiction,7980fa06f2b704d8,£57.83,£57.83,£0.00,In stock (3 available)
Fantasy,e9056f9b5a40a301,£55.46,£55.46,£0.00,In stock (3 available)
Autobiography,abc4a7ee16c21088,£57.60,£57.60,£0.00,In stock (3 available)
Add a comment,546da23278482b0a,£34.98,£34.98,£0.00,In stock (3 available)
Autobiography,0dcadb06206abd3c,£11.87,£11.87,£0.00,In stock (3 available)
Fiction,4ef75307fb64e2ad,£12.47,£12.47,£0.00,In stock (3 available)
Science Fiction,4b3f4f151c99f472,£33.26,£33.26,£0.00,In stock (3 available)
Autobiography,c53d9fefcda371e9,£59.04,£59.04,£0.00,In stock (3 available)
Default,4ec53ff7e2263f32,£26.13,£26.13,£0.00,In stock (3 available)
Nonfiction,1de75f05d57bfc10,£22.20,£22.20,£0.00,In stock (3 available)
Nonfiction,1246e4ffeb5ac4ea,£45.11,£45.11,£0.00,In stock (3 available)
Young Adult,0ce8075fab4a2b5b,£43.69,£43.69,£0.00,In stock (3 available)
Default,d5e1a9bfe22bbf9f,£25.02,£25.02,£0.00,In stock (3 available)
Humor,190fbebbf798c31a,£55.50,£55.50,£0.00,In stock (3 available)
Young Adult,16e843e6b853cc2f,£53.04,£53.04,£0.00,In stock (3 available)
Fiction,a0dd11f6abc421ec,£44.97,£44.97,£0.00,In stock (3 available)
Nonfiction,d4a29356fc992879,£42.38,£42.38,£0.00,In stock (3 available)
Default,034829ffdd0a0aea,£20.11,£20.11,£0.00,In stock (3 available)
Nonfiction,a7c3f1010d64799a,£56.70,£56.70,£0.00,In stock (3 available)
Fiction,6c4646d90b60a56c,£41.00,£41.00,£0.00,In stock (3 available)
Nonfiction,d8292cd5f1aca291,£28.85,£28.85,£0.00,In stock (3 available)
Christian Fiction,61569d12d4ae7161,£49.97,£49.97,£0.00,In stock (3 available)
Womens Fiction,6b32b561dab8036c,£19.69,£19.69,£0.00,In stock (3 available)
Nonfiction,8010c7c148057fd3,£28.88,£28.88,£0.00,In stock (3 available)
Food and Drink,6c4d17a46cac8787,£33.14,£33.14,£0.00,In stock (3 available)
History,1812b8f5641287e3,£43.70,£43.70,£0.00,In stock (3 available)
Horror,557c03c284be1bf2,£54.89,£54.89,£0.00,In stock (3 available)
Childrens,cc1ac978a6835ef6,£37.52,£37.52,£0.00,In stock (3 available)
Humor,0cb4856be3694a57,£51.07,£51.07,£0.00,In stock (3 available)
Fantasy,b003f8bb02f76dc5,£44.07,£44.07,£0.00,In stock (3 available)
Childrens,621e2c310cec8d32,£10.79,£10.79,£0.00,In stock (3 available)
Sequential Art,4f6985aca357ae09,£42.72,£42.72,£0.00,In stock (3 available)
Nonfiction,c300cc9326592b65,£26.66,£26.66,£0.00,In stock (3 available)
Default,d5c588b6f9c015e4,£37.60,£37.60,£0.00,In stock (3 available)
Young Adult,984b3b6e7479b571,£42.21,£42.21,£0.00,In stock (3 available)
Historical Fiction,41fc5dce044f16f5,£46.83,£46.83,£0.00,In stock (3 available)
Sequential Art,d5f5a122a593b580,£45.17,£45.17,£0.00,In stock (3 available)
Sports and Games,a9aa3ed5b316470b,£51.22,£51.22,£0.00,In stock (3 available)
Add a comment,2ed3a794a70aa85f,£21.28,£21.28,£0.00,In stock (3 available)
Adult Fiction,ed813a848580ba50,£15.36,£15.36,£0.00,In stock (3 available)
Default,147019cae600694e,£38.62,£38.62,£0.00,In stock (3 available)
Mystery,588ba85ff11a3263,£25.40,£25.40,£0.00,In stock (3 available)
Fantasy,b843f52a986a2914,£43.87,£43.87,£0.00,In stock (3 available)
Default,73f71f9556442117,£18.74,£18.74,£0.00,In stock (3 available)
Science Fiction,36d5884d44484277,£54.86,£54.86,£0.00,In stock (3 available)
Default,a7ec599c1a547746,£52.62,£52.62,£0.00,In stock (3 available)
Science Fiction,98330e431e56a9ea,£51.48,£51.48,£0.00,In stock (3 available)
Nonfiction,81372abc86f65c79,£15.28,£15.28,£0.00,In stock (3 available)
Default,04d858cdeeee0da4,£39.24,£39.24,£0.00,In stock (3 available)
Default,d234ddecef49ef4e,£17.81,£17.81,£0.00,In stock (3 available)
Fantasy,468bd274ac084bb9,£56.02,£56.02,£0.00,In stock (3 available)
Default,66937c669c4da072,£23.90,£23.90,£0.00,In stock (3 available)
Fiction,c9782ad2a0ed9331,£49.13,£49.13,£0.00,In stock (3 available)
Childrens,157f693d9e600ccc,£10.62,£10.62,£0.00,In stock (3 available)
Add a comment,dbe33cf29ef1623d,£36.17,£36.17,£0.00,In stock (3 available)
Psychology,396385e3de5d18c3,£59.95,£59.95,£0.00,In stock (3 available)
Young Adult,7e9579921e5407cb,£26.09,£26.09,£0.00,In stock (3 available)
Parenting,ef49db2aaa9bb547,£37.35,£37.35,£0.00,In stock (3 available)
Mystery,b461cf238506c5b8,£24.72,£24.72,£0.00,In stock (3 available)
Default,bbfc4a3b7b6c94a0,£35.28,£35.28,£0.00,In stock (3 available)
Nonfiction,fd2337c1b73b686e,£51.32,£51.32,£0.00,In stock (3 available)
Young Adult,8e0bc2fe4e7d35b5,£21.12,£21.12,£0.00,In stock (3 available)
Nonfiction,e256de8aa0c2115f,£27.35,£27.35,£0.00,In stock (3 available)
Nonfiction,0bbc48294707ba96,£21.74,£21.74,£0.00,In stock (3 available)
Nonfiction,860318b8e244f39c,£40.87,£40.87,£0.00,In stock (3 available)
Sequential Art,15f415d436888b2d,£49.31,£49.31,£0.00,In stock (3 available)
Fiction,d3f9c4539c0caa64,£22.11,£22.11,£0.00,In stock (3 available)
Historical Fiction,155e42df837ee5ff,£20.79,£20.79,£0.00,In stock (3 available)
Romance,67dea6c75d6a1075,£27.41,£27.41,£0.00,In stock (3 available)
Classics,3fb69f34e178d494,£38.35,£38.35,£0.00,In stock (3 available)
Default,5439bae708bca198,£21.55,£21.55,£0.00,In stock (3 available)
Sequential Art,1d89a2aa9f6ce50f,£38.02,£38.02,£0.00,In stock (3 available)
Fantasy,5d22e2a46604b6e7,£22.06,£22.06,£0.00,In stock (3 available)
Childrens,ef9c4f2465513956,£10.66,£10.66,£0.00,In stock (3 available)
Nonfiction,da0349a87c8caa2f,£56.58,£56.58,£0.00,In stock (3 available)
Young Adult,7bf87402413c27ff,£36.83,£36.83,£0.00,In stock (3 available)
Classics,cfe350b20d23b02b,£35.01,£35.01,£0.00,In stock (3 available)
Nonfiction,bcee4f289ff6699c,£30.48,£30.48,£0.00,In stock (3 available)
Default,5dbd6ec4e154ad2f,£14.08,£14.08,£0.00,In stock (3 available)
Fantasy,87beabf664115d79,£31.22,£31.22,£0.00,In stock (3 available)
Autobiography,c9770bb1d5a492a0,£54.29,£54.29,£0.00,In stock (3 available)
Psychology,f5873c8fc7760000,£31.04,£31.04,£0.00,In stock (3 available)
Add a comment,165affa7adb5eded,£50.96,£50.96,£0.00,In stock (3 available)
Nonfiction,d2185b65af52d68c,£11.89,£11.89,£0.00,In stock (2 available)
Add a comment,4130678275eb7c8c,£31.38,£31.38,£0.00,In stock (2 available)
Sequential Art,276dc716b1da8899,£54.81,£54.81,£0.00,In stock (2 available)
Fiction,f3c76b53b239f511,£16.78,£16.78,£0.00,In stock (2 available)
Sports and Games,ce42e3de94226b2b,£24.42,£24.42,£0.00,In stock (2 available)
Sequential Art,9189fd009df41d0e,£11.75,£11.75,£0.00,In stock (2 available)
Philosophy,b0e479be03911916,£20.02,£20.02,£0.00,In stock (2 available)
Young Adult,6fa3ea52c8e31e06,£12.86,£12.86,£0.00,In stock (2 available)
Music,637e5a45062aa548,£31.58,£31.58,£0.00,In stock (2 available)
Nonfiction,fb495f9f9015a772,£34.00,£34.00,£0.00,In stock (2 available)
Nonfiction,b6d3f4f4ee1f6069,£57.42,£57.42,£0.00,In stock (2 available)
Young Adult,97b8f130d32e9f4e,£53.47,£53.47,£0.00,In stock (2 available)
Sequential Art,c0db71f6bb14db11,£11.64,£11.64,£0.00,In stock (2 available)
Childrens,d7b463918d3b8c39,£52.88,£52.88,£0.00,In stock (2 available)
Sequential Art,09d26b5f819c6a36,£18.51,£18.51,£0.00,In stock (1 available)
Historical Fiction,8ceb5c6aed2c5f8b,£41.32,£41.32,£0.00,In stock (1 available)
Romance,def389ddfda6991b,£39.77,£39.77,£0.00,In stock (1 available)
Fiction,c5f91eb481427dc5,£51.96,£51.96,£0.00,In stock (1 available)
Art,66a4e422b212726a,£39.51,£39.51,£0.00,In stock (1 available)
Paranormal,e7e87087b1a44711,£15.40,£15.40,£0.00,In stock (1 available)
Fantasy,dab5e75d1339706a,£53.82,£53.82,£0.00,In stock (1 available)
Poetry,e63c3f25338baf9a,£30.95,£30.95,£0.00,In stock (1 available)
Nonfiction,0268f149d014b389,£57.82,£57.82,£0.00,In stock (1 available)
Science Fiction,460f97a346b44bac,£44.18,£44.18,£0.00,In stock (1 available)
Romance,d6d98d3508c30f57,£48.71,£48.71,£0.00,In stock (1 available)
Default,9c96cd1329fbd82d,£19.69,£19.69,£0.00,In stock (1 available)
Sequential Art,dac9d1e654fac737,£36.52,£36.52,£0.00,In stock (1 available)
Nonfiction,6514add13c82b115,£41.56,£41.56,£0.00,In stock (1 available)
Classics,32d035df92ab9080,£43.19,£43.19,£0.00,In stock (1 available)
Fiction,b78deb463531d078,£12.34,£12.34,£0.00,In stock (1 available)
Fantasy,9e9932ae1a7d0943,£36.25,£36.25,£0.00,In stock (1 available)
Science,6f2c0a9adbb2bca9,£29.45,£29.45,£0.00,In stock (1 available)
Historical Fiction,38f776ab9118aed7,£34.56,£34.56,£0.00,In stock (1 available)
Sequential Art,5faefdc861684eb1,£54.12,£54.12,£0.00,In stock (1 available)
Add a comment,0ec9d2b018fb10d8,£33.78,£33.78,£0.00,In stock (1 available)
Add a comment,f0512adadffd2480,£29.64,£29.64,£0.00,In stock (1 available)
Mystery,b0913e67d38d5ed5,£57.70,£57.70,£0.00,In stock (1 available)
Philosophy,5c10b64db3e4f228,£36.34,£36.34,£0.00,In stock (1 available)
Default,c8614adb1a90b027,£50.59,£50.59,£0.00,In stock (1 available)
Fantasy,c40b70e0f6d80189,£29.38,£29.38,£0.00,In stock (1 available)
Classics,1aeca7d078d57deb,£45.42,£45.42,£0.00,In stock (1 available)
Add a comment,04e43893e32f9d29,£54.43,£54.43,£0.00,In stock (1 available)
Science Fiction,16c71736dae78764,£36.26,£36.26,£0.00,In stock (1 available)
Add a comment,86d8bd7afa5b51b3,£16.16,£16.16,£0.00,In stock (1 available)
New Adult,6e473eff459e809f,£36.29,£36.29,£0.00,In stock (1 available)
Young Adult,fff8a057a40c4a60,£27.89,£27.89,£0.00,In stock (1 available)
Mystery,4280ac3eab57aa5d,£12.29,£12.29,£0.00,In stock (1 available)
Mystery,ee61197edb882599,£15.85,£15.85,£0.00,In stock (1 available)
Nonfiction,09659d1639a1f978,£14.40,£14.40,£0.00,In stock (1 available)
Womens Fiction,29fc016c459aeb14,£19.18,£19.18,£0.00,In stock (1 available)
Sequential Art,3301af038a720587,£10.64,£10.64,£0.00,In stock (1 available)
Add a comment,18b4545a5ed15581,£14.76,£14.76,£0.00,In stock (1 available)
Religion,f3a0b8c835129558,£57.49,£57.49,£0.00,In stock (1 available)
Fiction,dfb0849016bc122c,£30.66,£30.66,£0.00,In stock (1 available)
Young Adult,5bc1fbccfbf2355c,£40.83,£40.83,£0.00,In stock (1 available)
Default,a7eef9d6795422c1,£18.88,£18.88,£0.00,In stock (1 available)
Historical Fiction,e25164e5b3fe208b,£25.83,£25.83,£0.00,In stock (1 available)
Sequential Art,2ac720f76384c57e,£42.12,£42.12,£0.00,In stock (1 available)
Fantasy,3a9a7c5895e82646,£13.33,£13.33,£0.00,In stock (1 available)
Default,9ed7090d8fa690b0,£42.40,£42.40,£0.00,In stock (1 available)
New Adult,c068c013d6921fea,£58.35,£58.35,£0.00,In stock (1 available)
Fantasy,229cd6564bf0dce4,£21.72,£21.72,£0.00,In stock (1 available)
Sports and Games,132adf7335bb384a,£44.91,£44.91,£0.00,In stock (1 available)
Classics,35e44170702139a4,£37.46,£37.46,£0.00,In stock (1 available)
Sequential Art,4f64568dfefa3ce7,£28.48,£28.48,£0.00,In stock (1 available)
Romance,9efb397067eb7e8a,£28.34,£28.34,£0.00,In stock (1 available)
Sequential Art,3cdca3b4a93980f5,£46.96,£46.96,£0.00,In stock (1 available)
Default,849db7ab7f4a640c,£24.96,£24.96,£0.00,In stock (1 available)
Sequential Art,bcbcbcf0f6ed196f,£21.71,£21.71,£0.00,In stock (1 available)
Sequential Art,326825e02a198cf6,£29.87,£29.87,£0.00,In stock (1 available)
Fantasy,8932e5c12f12ffed,£28.99,£28.99,£0.00,In stock (1 available)
Fantasy,7ea31f38675b91c1,£52.94,£52.94,£0.00,In stock (1 available)
Default,9ff997ab15713e53,£32.36,£32.36,£0.00,In stock (1 available)
Music,a1985630339f4b3d,£55.66,£55.66,£0.00,In stock (1 available)
New Adult,b6f1cfadc4dd79d4,£39.45,£39.45,£0.00,In stock (1 available)
Classics,39592d9d72e717c4,£47.11,£47.11,£0.00,In stock (1 available)
Fantasy,63e20a0f98218a87,£58.75,£58.75,£0.00,In stock (1 available)
Romance,fd78f89878479f56,£38.92,£38.92,£0.00,In stock (1 available)
Sequential Art,35a60467893aa168,£39.39,£39.39,£0.00,In stock (1 available)
Philosophy,4f19709e47883df5,£25.89,£25.89,£0.00,In stock (1 available)
Childrens,1053fb7ee17a1f33,£28.34,£28.34,£0.00,In stock (1 available)
Historical Fiction,d510567580c8be52,£27.70,£27.70,£0.00,In stock (1 available)
Add a comment,71a6471bbdac21d9,£24.89,£24.89,£0.00,In stock (1 available)
Romance,6e712ea24e77bd96,£58.99,£58.99,£0.00,In stock (1 available)
Fiction,06f6a57a6d532844,£57.20,£57.20,£0.00,In stock (1 available)
Default,8d390a1fc3133d06,£38.43,£38.43,£0.00,In stock (1 available)
Romance,f28f7299d38c0932,£34.74,£34.74,£0.00,In stock (1 available)
Sports and Games,3455b45888fb5053,£40.44,£40.44,£0.00,In stock (1 available)
Sequential Art,6fe02600f322a0a9,£45.24,£45.24,£0.00,In stock (1 available)
Science Fiction,6717a70913b3db79,£34.96,£34.96,£0.00,In stock (1 available)
Sequential Art,eb0fe24bbc845ecc,£56.76,£56.76,£0.00,In stock (1 available)
Sequential Art,72e6fbf4f6382557,£40.28,£40.28,£0.00,In stock (1 available)
Default,a492f49a3e2b6a71,£38.00,£38.00,£0.00,In stock (1 available)
Music,e564c3f1a93ccf2e,£28.80,£28.80,£0.00,In stock (1 available)
Romance,6390772a3094939d,£39.24,£39.24,£0.00,In stock (1 available)
Classics,2e69730561ed70ad,£32.93,£32.93,£0.00,In stock (1 available)
Nonfiction,df56868afd166557,£51.32,£51.32,£0.00,In stock (1 available)
Romance,0072b94dfa30608e,£47.09,£47.09,£0.00,In stock (1 available)
Religion,a812f6969ddf3e39,£28.42,£28.42,£0.00,In stock (1 available)
Childrens,1774749f2cee292f,£22.85,£22.85,£0.00,In stock (1 available)
Romance,a96404cb928895f3,£41.24,£41.24,£0.00,In stock (1 available)
Fiction,230ac636ea0ea415,£39.07,£39.07,£0.00,In stock (1 available)
Womens Fiction,a2b4b685dfa94733,£29.82,£29.82,£0.00,In stock (1 available)
Romance,abc0b15f2c907ff0,£37.26,£37.26,£0.00,In stock (1 available)
Mystery,95cdfd514098c38b,£20.30,£20.30,£0.00,In stock (1 available)
Sequential Art,099fae4a0705d63b,£34.65,£34.65,£0.00,In stock (1 available)
Philosophy,08672cd59171d5e4,£43.38,£43.38,£0.00,In stock (1 available)
Classics,cd2a2a70dd5d176d,£55.53,£55.53,£0.00,In stock (1 available)
Sequential Art,bfd5e1701c862ac3,£57.06,£57.06,£0.00,In stock (1 available)
Historical Fiction,19fec36a1dfb4c16,£16.97,£16.97,£0.00,In stock (1 available)
Mystery,f684a82adc49f011,£53.98,£53.98,£0.00,In stock (1 available)
Travel,228ba5e7577e1d49,£26.08,£26.08,£0.00,In stock (1 available)
